./img/beer/beer001.jpg,0
./img/beer/beer002.jpg,0
./img/beer/beer003.jpg,0
./img/beer/beer004.jpg,0
./img/beer/beer005.jpg,0
./img/beer/beer006.jpg,0
./img/beer/beer007.jpg,0
./img/beer/beer008.jpg,0
./img/beer/beer009.jpg,0
./img/beer/beer010.jpg,0
./img/beer/beer011.jpg,0
./img/beer/beer012.jpg,0
./img/beer/beer013.jpg,0
./img/beer/beer014.jpg,0
./img/beer/beer015.jpg,0
./img/beer/beer016.jpg,0
./img/beer/beer017.jpg,0
./img/beer/beer018.jpg,0
./img/beer/beer019.jpg,0
./img/beer/beer020.jpg,0
./img/beer/beer021.jpg,0
./img/beer/beer022.jpg,0
./img/beer/beer023.jpg,0
./img/beer/beer024.jpg,0
./img/beer/beer025.jpg,0
./img/beer/beer026.jpg,0
./img/beer/beer027.jpg,0
./img/beer/beer028.jpg,0
./img/beer/beer029.jpg,0
./img/beer/beer030.jpg,0
./img/beer/beer031.png,0
./img/beer/beer032.jpg,0
./img/beer/beer033.jpg,0
./img/beer/beer034.jpg,0
./img/beer/beer035.jpg,0
./img/beer/beer036.jpg,0
./img/beer/beer037.jpg,0
./img/beer/beer038.jpg,0
./img/beer/beer039.jpg,0
./img/beer/beer040.jpg,0
./img/beer/beer041.jpg,0
./img/beer/beer042.jpg,0
./img/beer/beer043.jpg,0
./img/beer/beer044.jpg,0
./img/beer/beer045.jpg,0
./img/beer/beer046.jpg,0
./img/beer/beer047.jpg,0
./img/beer/beer048.jpg,0
./img/beer/beer049.jpg,0
./img/beer/beer050.jpg,0
./img/beer/beer051.jpg,0
./img/beer/beer052.JPG,0
./img/beer/beer053.JPG,0
./img/beer/beer054.jpg,0
./img/beer/beer055.jpg,0
./img/beer/beer056.jpg,0
./img/beer/beer057.jpg,0
./img/beer/beer058.jpg,0
./img/beer/beer059.jpg,0
./img/beer/beer060.jpg,0
./img/beer/beer061.JPG,0
./img/beer/beer062.jpg,0
./img/beer/beer063.jpg,0
./img/beer/beer064.jpg,0
./img/beer/beer065.jpg,0
./img/beer/beer066.jpg,0
./img/beer/beer067.jpg,0
./img/beer/beer068.jpg,0
./img/beer/beer069.jpg,0
./img/beer/beer070.jpg,0
./img/beer/beer071.jpg,0
./img/beer/beer072.jpg,0
./img/beer/beer073.jpg,0
./img/beer/beer074.jpg,0
./img/beer/beer075.jpg,0
./img/beer/beer076.JPG,0
./img/beer/beer077.png,0
./img/beer/beer078.png,0
./img/beer/beer079.jpg,0
./img/beer/beer080.jpg,0
./img/beer/beer081.jpg,0
./img/beer/beer082.jpg,0
./img/beer/beer083.jpg,0
./img/beer/beer084.jpg,0
./img/beer/beer085.jpg,0
./img/beer/beer086.jpg,0
./img/beer/beer087.jpg,0
./img/beer/beer088.jpg,0
./img/beer/beer089.jpg,0
./img/beer/beer090.jpg,0
./img/beer/beer091.jpg,0
./img/beer/beer092.jpg,0
./img/beer/beer093.jpg,0
./img/beer/beer094.jpg,0
./img/beer/beer095.jpg,0
./img/beer/beer096.jpg,0
./img/beer/beer097.jpg,0
./img/beer/beer098.jpg,0
./img/beer/beer099.jpg,0
./img/beer/beer100.jpg,0
./img/beer/beer101.jpg,0
./img/beer/beer102.jpg,0
./img/beer/beer103.jpg,0
./img/beer/beer104.jpg,0
./img/beer/beer105.jpg,0
./img/beer/beer106.jpg,0
./img/beer/beer107.jpg,0
./img/beer/beer108.jpg,0
./img/beer/beer109.jpg,0
./img/beer/beer110.jpg,0
./img/beer/beer111.jpg,0
./img/beer/beer112.jpg,0
./img/beer/beer113.jpg,0
./img/beer/beer114.jpg,0
./img/beer/beer115.jpg,0
./img/beer/beer116.jpg,0
./img/beer/beer117.jpg,0
./img/beer/beer118.jpg,0
./img/beer/beer119.jpg,0
./img/beer/beer120.jpg,0
./img/beer/beer121.jpg,0
./img/beer/beer122.jpg,0
./img/beer/beer123.jpg,0
./img/beer/beer124.jpg,0
./img/beer/beer125.jpg,0
./img/beer/beer126.jpg,0
./img/beer/beer127.jpg,0
./img/beer/beer128.jpg,0
./img/beer/beer129.JPG,0
./img/beer/beer130.JPG,0
./img/beer/beer131.JPG,0
./img/beer/beer132.JPG,0
./img/beer/beer133.jpg,0
./img/beer/beer134.jpg,0
./img/beer/beer135.jpg,0
./img/beer/beer136.jpg,0
./img/beer/beer137.jpg,0
./img/beer/beer138.jpg,0
./img/beer/beer139.jpg,0
./img/beer/beer140.jpg,0
./img/beer/beer141.jpg,0
./img/beer/beer142.jpg,0
./img/beer/beer143.jpg,0
./img/beer/beer144.jpg,0
./img/beer/beer145.jpg,0
./img/beer/beer146.jpg,0
./img/beer/beer147.jpg,0
./img/beer/beer148.jpg,0
./img/beer/beer149.png,0
./img/beer/beer150.png,0
./img/beer/beer151.jpg,0
./img/beer/beer152.jpg,0
./img/beer/beer153.jpg,0
./img/beer/beer154.jpg,0
./img/beer/beer155.jpg,0
./img/beer/beer156.jpg,0
./img/beer/beer157.jpg,0
./img/beer/beer158.jpg,0
./img/beer/beer159.jpg,0
./img/beer/beer160.jpg,0
./img/beer/beer161.jpg,0
./img/beer/beer162.jpg,0
./img/beer/beer163.jpg,0
./img/beer/beer164.jpg,0
./img/beer/beer165.jpg,0
./img/beer/beer166.jpg,0
./img/beer/beer167.jpg,0
./img/beer/beer168.jpg,0
./img/beer/beer169.jpg,0
./img/beer/beer170.jpg,0
./img/beer/beer171.jpg,0
./img/beer/beer172.jpg,0
./img/beer/beer173.jpg,0
./img/beer/beer174.jpg,0
./img/beer/beer175.jpg,0
./img/beer/beer176.jpg,0
./img/beer/beer177.jpg,0
./img/beer/beer178.jpg,0
./img/beer/beer179.jpg,0
./img/beer/beer180.jpg,0
./img/beer/beer181.jpg,0
./img/beer/beer182.jpg,0
./img/beer/beer183.jpg,0
./img/beer/beer184.jpg,0
./img/beer/beer185.jpg,0
./img/beer/beer186.jpg,0
./img/beer/beer187.jpg,0
./img/beer/beer188.jpg,0
./img/beer/beer189.jpg,0
./img/beer/beer190.jpg,0
./img/beer/beer191.jpg,0
./img/beer/beer192.jpg,0
./img/beer/beer193.jpg,0
./img/beer/beer194.jpg,0
./img/beer/beer195.jpg,0
./img/beer/beer196.jpg,0
./img/beer/beer197.jpg,0
./img/beer/beer198.jpg,0
./img/beer/beer199.jpg,0
./img/beer/beer200.jpg,0
./img/beer/beer201.jpg,0
./img/beer/beer202.jpg,0
./img/beer/beer203.jpg,0
./img/beer/beer204.jpg,0
./img/beer/beer205.jpg,0
./img/beer/beer206.jpg,0
./img/beer/beer207.jpg,0
./img/beer/beer208.jpg,0
./img/beer/beer209.jpg,0
./img/beer/beer210.jpg,0
./img/beer/beer211.jpg,0
./img/beer/beer212.jpg,0
./img/beer/beer213.jpg,0
./img/beer/beer214.jpg,0
./img/beer/beer215.jpg,0
./img/beer/beer216.jpg,0
./img/beer/beer217.jpg,0
./img/beer/beer218.jpg,0
./img/beer/beer219.jpeg,0
./img/beer/beer220.jpeg,0
./img/beer/beer221.jpeg,0
./img/beer/beer222.jpeg,0
./img/beer/beer223.png,0
./img/beer/beer224.png,0
./img/beer/beer225.jpg,0
./img/beer/beer226.jpg,0
./img/beer/beer227.jpg,0
./img/beer/beer228.jpg,0
./img/beer/beer229.JPG,0
./img/beer/beer230.JPG,0
./img/beer/beer231.jpg,0
./img/beer/beer232.jpg,0
./img/beer/beer233.jpg,0
./img/beer/beer234.jpg,0
./img/beer/beer235.jpg,0
./img/beer/beer236.jpg,0
./img/beer/beer237.jpg,0
./img/beer/beer238.jpg,0
./img/beer/beer239.jpg,0
./img/beer/beer240.jpg,0
./img/beer/beer241.jpg,0
./img/beer/beer242.jpg,0
./img/beer/beer243.jpg,0
./img/beer/beer244.jpg,0
./img/beer/beer245.jpeg,0
./img/beer/beer246.jpeg,0
./img/beer/beer247.jpg,0
./img/beer/beer248.jpg,0
./img/beer/beer249.jpg,0
./img/beer/beer250.jpg,0
./img/beer/beer251.JPG,0
./img/beer/beer252.JPG,0
./img/beer/beer253.jpg,0
./img/beer/beer254.jpg,0
./img/beer/beer255.JPG,0
./img/beer/beer256.JPG,0
./img/beer/beer257.JPG,0
./img/beer/beer258.JPG,0
./img/beer/beer259.JPG,0
./img/beer/beer260.JPG,0
./img/beer/beer261.jpeg,0
./img/beer/beer262.jpeg,0
./img/beer/beer263.jpeg,0
./img/beer/beer264.jpeg,0
./img/beer/beer265.jpg,0
./img/beer/beer266.jpg,0
./img/beer/beer267.jpg,0
./img/beer/beer268.jpg,0
./img/beer/beer269.jpg,0
./img/beer/beer270.jpg,0
./img/beer/beer271.jpg,0
./img/beer/beer272.jpg,0
./img/beer/beer273.jpg,0
./img/beer/beer274.jpg,0
./img/beer/beer275.jpg,0
./img/beer/beer276.jpg,0
./img/beer/beer277.JPG,0
./img/beer/beer278.JPG,0
./img/beer/beer279.jpeg,0
./img/beer/beer280.jpeg,0
./img/beer/beer281.jpg,0
./img/beer/beer282.jpg,0
./img/beer/beer283.jpg,0
./img/beer/beer284.jpg,0
./img/beer/beer285.jpg,0
./img/beer/beer286.jpg,0
./img/beer/beer287.jpg,0
./img/beer/beer288.jpg,0
./img/beer/beer289.jpg,0
./img/beer/beer290.jpg,0
./img/beer/beer291.jpeg,0
./img/beer/beer292.jpeg,0
./img/beer/beer293.jpeg,0
./img/beer/beer294.jpeg,0
./img/beer/beer295.png,0
./img/beer/beer296.png,0
./img/beer/beer297.jpeg,0
./img/beer/beer298.jpeg,0
./img/beer/beer299.jpg,0
./img/beer/beer300.jpg,0
./img/beer/beer301.jpg,0
./img/beer/beer302.jpg,0
./img/beer/beer303.jpg,0
./img/beer/beer304.jpg,0
./img/beer/beer305.jpg,0
./img/beer/beer306.jpg,0
./img/beer/beer307.jpg,0
./img/beer/beer308.jpg,0
./img/beer/beer309.jpg,0
./img/beer/beer310.jpg,0
./img/beer/beer311.jpg,0
./img/beer/beer312.jpg,0
./img/beer/beer313.jpg,0
./img/beer/beer314.jpg,0
./img/beer/beer315.jpg,0
./img/beer/beer316.jpg,0
./img/beer/beer317.jpg,0
./img/beer/beer318.jpg,0
./img/beer/beer319.jpg,0
./img/beer/beer320.jpg,0
./img/beer/beer321.jpg,0
./img/beer/beer322.jpg,0
./img/beer/beer323.jpg,0
./img/beer/beer324.jpg,0
./img/beer/beer325.jpeg,0
./img/beer/beer326.jpeg,0
./img/beer/beer327.jpg,0
./img/beer/beer328.jpg,0
./img/beer/beer329.jpeg,0
./img/beer/beer330.jpeg,0
./img/beer/beer331.jpg,0
./img/beer/beer332.jpg,0
./img/beer/beer333.jpg,0
./img/beer/beer334.jpg,0
./img/beer/beer335.jpeg,0
./img/beer/beer336.jpeg,0
./img/beer/beer337.jpg,0
./img/beer/beer338.jpg,0
./img/beer/beer339.jpg,0
./img/beer/beer340.jpg,0
./img/beer/beer341.jpg,0
./img/beer/beer342.jpg,0
./img/beer/beer343.jpg,0
./img/beer/beer344.jpg,0
./img/beer/beer345.jpeg,0
./img/beer/beer346.jpeg,0
./img/beer/beer347.jpeg,0
./img/beer/beer348.jpeg,0
./img/beer/beer349.JPG,0
./img/beer/beer350.JPG,0
./img/beer/beer351.JPG,0
./img/beer/beer352.JPG,0
./img/beer/beer353.jpg,0
./img/beer/beer354.jpg,0
./img/beer/beer355.jpg,0
./img/beer/beer356.jpg,0
./img/beer/beer357.gif,0
./img/beer/beer358.gif,0
./img/beer/beer359.gif,0
./img/beer/beer360.gif,0
./img/beer/beer361.png,0
./img/beer/beer362.png,0
./img/beer/beer363.png,0
./img/beer/beer364.png,0
./img/beer/beer365.jpeg,0
./img/beer/beer366.jpeg,0
./img/beer/beer367.jpg,0
./img/beer/beer368.jpg,0
./img/beer/beer369.jpg,0
./img/beer/beer370.jpg,0
./img/beer/beer371.png,0
./img/beer/beer372.png,0
./img/beer/beer373.jpg,0
./img/beer/beer374.jpg,0
./img/beer/beer375.jpg,0
./img/beer/beer376.jpg,0
./img/beer/beer377.jpg,0
./img/beer/beer378.jpg,0
./img/beer/beer379.jpeg,0
./img/beer/beer380.jpeg,0
./img/beer/beer381.jpeg,0
./img/beer/beer382.jpeg,0
./img/beer/beer383.jpeg,0
./img/beer/beer384.jpeg,0
./img/beer/beer385.jpeg,0
./img/beer/beer386.jpeg,0
./img/beer/beer387.jpeg,0
./img/beer/beer388.jpg,0
./img/beer/beer389.jpg,0
./img/beer/beer390.jpg,0
./img/beer/beer391.jpg,0
./img/beer/beer392.jpg,0
./img/beer/beer393.jpg,0
./img/beer/beer394.jpg,0
./img/beer/beer395.jpg,0
./img/beer/beer396.jpg,0
./img/beer/beer397.jpg,0
./img/beer/beer398.jpg,0
./img/beer/beer399.jpg,0
./img/beer/beer400.jpg,0
./img/beer/beer401.jpg,0
./img/beer/beer402.jpg,0
./img/beer/beer403.jpg,0
./img/beer/beer404.jpg,0
./img/beer/beer405.JPG,0
./img/beer/beer406.jpg,0
./img/beer/beer407.jpg,0
./img/beer/beer408.jpg,0
./img/happoshu/bld001.jpg,1
./img/happoshu/bld002.jpg,1
./img/happoshu/bld003.jpg,1
./img/happoshu/bld004.jpg,1
./img/happoshu/bld005.jpg,1
./img/happoshu/bld006.jpg,1
./img/happoshu/bld007.jpg,1
./img/happoshu/bld008.jpg,1
./img/happoshu/bld009.jpg,1
./img/happoshu/bld010.jpg,1
./img/happoshu/bld011.jpg,1
./img/happoshu/bld012.jpg,1
./img/happoshu/bld013.jpg,1
./img/happoshu/bld014.jpg,1
./img/happoshu/bld015.jpg,1
./img/happoshu/bld016.jpg,1
./img/happoshu/bld017.jpg,1
./img/happoshu/bld018.jpg,1
./img/happoshu/bld019.jpg,1
./img/happoshu/bld020.jpg,1
./img/happoshu/bld021.jpg,1
./img/happoshu/bld022.jpg,1
./img/happoshu/bld023.jpg,1
./img/happoshu/bld024.jpg,1
./img/happoshu/bld025.jpg,1
./img/happoshu/bld026.jpg,1
./img/happoshu/bld027.jpg,1
./img/happoshu/bld028.jpg,1
./img/happoshu/bld029.jpg,1
./img/happoshu/bld030.jpg,1
./img/happoshu/bld031.jpg,1
./img/happoshu/bld032.jpg,1
./img/happoshu/bld033.jpg,1
./img/happoshu/bld034.jpg,1
./img/happoshu/bld035.jpg,1
./img/happoshu/bld036.jpg,1
./img/happoshu/bld037.jpg,1
./img/happoshu/bld038.jpg,1
./img/happoshu/bld039.jpg,1
./img/happoshu/bld040.jpg,1
./img/happoshu/bld041.jpg,1
./img/happoshu/bld042.jpg,1
./img/happoshu/bld043.jpg,1
./img/happoshu/bld044.jpg,1
./img/happoshu/bld045.jpg,1
./img/happoshu/bld046.jpg,1
./img/happoshu/bld047.jpg,1
./img/happoshu/bld048.jpg,1
./img/happoshu/bld049.jpg,1
./img/happoshu/bld050.jpg,1
./img/happoshu/bld051.jpg,1
./img/happoshu/bld052.jpg,1
./img/happoshu/bld053.jpg,1
./img/happoshu/bld054.jpg,1
./img/happoshu/bld055.jpg,1
./img/happoshu/bld056.jpg,1
./img/happoshu/bld057.jpg,1
./img/happoshu/bld058.jpg,1
./img/happoshu/bld059.jpg,1
./img/happoshu/bld060.jpg,1
./img/happoshu/bld061.jpg,1
./img/happoshu/bld062.jpg,1
./img/happoshu/bld063.jpg,1
./img/happoshu/bld064.jpg,1
./img/happoshu/bld065.jpg,1
./img/happoshu/bld066.jpg,1
./img/happoshu/bld067.jpg,1
./img/happoshu/bld068.jpg,1
./img/happoshu/bld069.jpg,1
./img/happoshu/bld070.jpg,1
./img/happoshu/bld071.jpg,1
./img/happoshu/bld072.jpg,1
./img/happoshu/bld073.jpg,1
./img/happoshu/bld074.jpg,1
./img/happoshu/bld075.jpg,1
./img/happoshu/bld076.jpg,1
./img/happoshu/bld077.jpg,1
./img/happoshu/bld078.jpg,1
./img/happoshu/bld079.jpg,1
./img/happoshu/bld080.jpg,1
./img/happoshu/bld081.jpg,1
./img/happoshu/bld082.jpg,1
./img/happoshu/bld083.jpg,1
./img/happoshu/bld084.jpg,1
./img/happoshu/bld085.jpg,1
./img/happoshu/bld086.jpg,1
./img/happoshu/bld087.jpg,1
./img/happoshu/bld088.jpg,1
./img/happoshu/bld089.jpg,1
./img/happoshu/bld090.jpg,1
./img/happoshu/bld091.jpg,1
./img/happoshu/bld092.jpg,1
./img/happoshu/bld093.jpg,1
./img/happoshu/bld094.jpg,1
./img/happoshu/bld095.jpg,1
./img/happoshu/bld096.jpg,1
./img/happoshu/bld097.jpg,1
./img/happoshu/bld098.jpg,1
./img/happoshu/bld099.jpg,1
./img/happoshu/bld100.jpg,1
./img/happoshu/bld101.jpg,1
./img/happoshu/bld102.jpg,1
./img/happoshu/bld103.jpg,1
./img/happoshu/bld104.jpg,1
./img/happoshu/bld105.jpg,1
./img/happoshu/bld106.jpg,1
./img/happoshu/bld107.jpg,1
./img/happoshu/bld108.jpg,1
./img/happoshu/bld109.jpg,1
./img/happoshu/bld110.jpg,1
./img/happoshu/bld111.jpg,1
./img/happoshu/bld112.jpg,1
./img/happoshu/bld113.jpg,1
./img/happoshu/bld114.jpg,1
./img/happoshu/bld115.jpg,1
./img/happoshu/bld116.jpg,1
./img/happoshu/bld117.jpg,1
./img/happoshu/bld118.jpg,1
./img/happoshu/bld119.jpg,1
./img/happoshu/bld120.jpg,1
./img/happoshu/bld121.jpg,1
./img/happoshu/bld122.jpg,1
./img/happoshu/bld123.jpg,1
./img/happoshu/bld124.jpg,1
./img/happoshu/bld125.jpg,1
./img/happoshu/bld126.jpg,1
./img/happoshu/bld127.jpg,1
./img/happoshu/bld128.jpg,1
./img/happoshu/bld129.jpg,1
./img/happoshu/bld130.jpg,1
./img/happoshu/bld131.jpg,1
./img/happoshu/bld132.jpg,1
./img/happoshu/bld133.jpg,1
./img/happoshu/bld134.jpg,1
./img/happoshu/bld135.jpg,1
./img/happoshu/bld136.jpg,1
./img/happoshu/bld137.jpg,1
./img/happoshu/bld138.jpg,1
./img/happoshu/bld139.jpg,1
./img/happoshu/bld140.jpg,1
./img/happoshu/bld141.jpg,1
./img/happoshu/bld142.jpg,1
./img/happoshu/bld143.jpg,1
./img/happoshu/bld144.jpg,1
./img/happoshu/bld145.jpg,1
./img/happoshu/bld146.jpg,1
./img/happoshu/bld147.jpg,1
./img/happoshu/bld148.jpg,1
./img/happoshu/bld149.jpg,1
./img/happoshu/bld150.jpg,1
./img/happoshu/bld151.jpg,1
./img/happoshu/bld152.jpg,1
./img/happoshu/bld153.jpg,1
./img/happoshu/bld154.jpg,1
./img/happoshu/bld155.jpg,1
./img/happoshu/bld156.jpg,1
./img/happoshu/bld157.jpg,1
./img/happoshu/bld158.jpg,1
./img/happoshu/bld159.jpg,1
./img/happoshu/bld160.jpg,1
./img/happoshu/bld161.jpg,1
./img/happoshu/bld162.jpg,1
./img/happoshu/bld163.jpg,1
./img/happoshu/bld164.jpg,1
./img/happoshu/bld165.jpg,1
./img/happoshu/bld166.jpg,1
./img/happoshu/bld167.jpg,1
./img/happoshu/bld168.jpg,1
./img/happoshu/bld169.jpg,1
./img/happoshu/bld170.jpg,1
./img/happoshu/bld171.jpg,1
./img/happoshu/bld172.jpg,1
./img/happoshu/bld173.jpg,1
./img/happoshu/bld174.jpg,1
./img/happoshu/bld175.jpg,1
./img/happoshu/bld176.jpg,1
./img/happoshu/bld177.jpg,1
./img/happoshu/bld178.jpg,1
./img/happoshu/bld179.jpg,1
./img/happoshu/bld180.jpg,1
./img/happoshu/bld181.jpg,1
./img/happoshu/bld182.jpg,1
./img/happoshu/bld183.jpg,1
./img/happoshu/bld184.jpg,1
./img/happoshu/bld185.jpg,1
./img/happoshu/bld186.jpg,1
./img/happoshu/bld187.jpg,1
./img/happoshu/bld188.jpg,1
./img/happoshu/bld189.jpg,1
./img/happoshu/bld190.jpg,1
./img/happoshu/bld191.jpg,1
./img/happoshu/bld192.jpg,1
./img/happoshu/bld193.jpg,1
./img/happoshu/bld194.jpg,1
./img/happoshu/bld195.jpg,1
./img/happoshu/bld196.jpg,1
./img/happoshu/bld197.jpg,1
./img/happoshu/bld198.jpg,1
./img/happoshu/bld199.jpg,1
./img/happoshu/bld200.jpg,1
./img/happoshu/bld201.jpg,1
./img/happoshu/bld202.jpg,1
./img/happoshu/bld203.jpg,1
./img/happoshu/bld204.jpg,1
./img/happoshu/bld205.jpg,1
./img/happoshu/bld206.jpg,1
./img/happoshu/bld207.jpg,1
./img/happoshu/bld208.jpg,1
./img/happoshu/bld209.jpg,1
./img/happoshu/bld210.jpg,1
./img/happoshu/bld211.jpg,1
./img/happoshu/bld212.jpg,1
./img/happoshu/bld213.jpg,1
./img/happoshu/bld214.jpg,1
./img/happoshu/bld215.jpg,1
./img/happoshu/bld216.jpg,1
./img/happoshu/bld217.jpg,1
./img/happoshu/bld218.jpg,1
./img/happoshu/bld219.jpg,1
./img/happoshu/bld220.jpg,1
./img/happoshu/bld221.jpg,1
./img/happoshu/bld222.jpg,1
./img/happoshu/bld223.jpg,1
./img/happoshu/bld224.jpg,1
./img/happoshu/bld225.jpg,1
./img/happoshu/bld226.jpg,1
./img/happoshu/bld227.jpg,1
./img/happoshu/bld228.jpg,1
./img/happoshu/bld229.jpg,1
./img/happoshu/bld230.jpg,1
./img/happoshu/bld231.jpg,1
./img/happoshu/bld232.jpg,1
./img/happoshu/bld233.jpg,1
./img/happoshu/bld234.jpg,1
./img/happoshu/bld235.jpg,1
./img/happoshu/bld236.jpg,1
./img/happoshu/bld237.jpg,1
./img/happoshu/bld238.jpg,1
./img/happoshu/bld239.jpg,1
./img/happoshu/bld240.jpg,1
./img/happoshu/bld241.jpg,1
./img/happoshu/bld242.jpg,1
./img/happoshu/bld243.jpg,1
./img/happoshu/bld244.jpg,1
./img/happoshu/bld245.jpg,1
./img/happoshu/bld246.jpg,1
./img/happoshu/bld247.jpg,1
./img/happoshu/bld248.jpg,1
./img/happoshu/bld249.jpg,1
./img/happoshu/bld250.jpg,1
./img/happoshu/bld251.jpg,1
